University,TOEFL,Bachelor GPA,IELTS,International Baccalaureate,GMAT,GPA,Cambridge CAE Advanced,GRE,SAT,Year 12 scores,Own admission test,CAT,A-levels,PTE Academic,ACT,ATAR,STAT,AS-levels,AP
Tecnológico de Monterrey,80+,3+,6+,24+,500+,2.9+,,,,,,,,,,,,,
Universidad de Lima,,,6+,28+,,3+,,,,,,,,,,,,,
"European University, Georgia",72+,,5.5+,,,,,,,,,,,,,,,,
Ecole Polytechnique,90+,,6.5+,,,3.2+,176+,,,,,,,,,,,,
Rennes School of Business,80+,,6+,,,2.5+,,,,,,,,,,,,,
Alma Mater Studiorum - Università di Bologna,,,,,,,,,,,,,,,,,,,
ESILV - Engineering School,,,,,,,,,,,,,,,,,,,
Tilburg University,80+,,6+,24+,550+,3.5+,180+,160+,1170+,,,,,,,,,,
Saveetha Institute of Medical And Technical Sciences (SIMATS),,,,24+,,,,,,50+,50+,45+,50+,,,,,,
University of New York in Prague,72+,,6+,,,,,,,,,,,,,,,,
Airlangga University,,,,,,,,,,,,,,,,,,,
Dalhousie University,90+,,6.5+,26+,550+,3+,180+,,1100+,,,,,61+,,,,,
University of the Fraser Valley,80+,,6+,30+,,2.4+,180+,,,,,,,56+,,,,,
National University of Singapore (NUS),85+,,6+,37+,550+,3.6+,180+,320+,1250+,,,,,62+,29+,90+,,,
Università degli Studi di Udine,,,,,,,,,,,,,,,,,,,
Tilburg University,80+,,6+,24+,550+,3.5+,180+,160+,1170+,,,,,,,,,,
Future University in Egypt,,,5+,24+,,,,,,,,,,,,,,,
Southern Luzon State University,,,,,,,,,,,,,,,,,,,
Seton Hall University,,,,,,,,,,,,,,,,,,,
Savannah College of Art and Design,85+,,6.5+,,,3+,,,1080+,,,,,,21+,,,,
San Ignacio University,,,,,,,,,,,,,,,,,,,
Berlin School of Business and Innovation,72+,2.25+,6+,27+,,2.5+,,,,,,,,,,,,,
Glion Institute of Higher Education,70+,,5+,,,,180+,,,,,,,,,,,,
United International Business School (UIBS),79+,,6+,,,,180+,,,,,,,,,,,,
John Hopkins Carey Business School,100+,,7+,37+,650+,3.7+,,313+,1480+,,,,,70+,34+,,,,
National Taiwan University of Science and Technology (Taiwan Tech),47+,,4+,,,,,,,,,,,,,,,,
Department of Classics,,,,,,,,,,,,,,,,,,,
"Lingnan University, Hong Kong",,,,,,,,,,,,,,,,,,,
Al-Azhar University,,,,,,,,,,,,,,,,,,,
Technical University of Denmark,88+,,6.5+,,,,180+,,,,,,,,,,,,
University of the West of England,90+,,6.5+,,,,176+,,,,,,,62+,,,,,
Universidad del Pacífico,+,,+,,+,+,,+,+,,,,,,,+,+,,
IE School of Science and Technology,100+,,7+,,650+,,,,1200+,,,,,,,,,,
Trinity Business School,90+,,6.5+,27+,,,180+,,1250+,,,,,63+,27+,,,,
Abai Kazakh National Pedagogical University,,,,,,,,,,,,,,,,,,,
Taylor's University,79+,,6+,24+,,2+,,,,,,,,,,65+,,,
IU International University of Applied Sciences,,,,,,,,,,,,,,,,,,,
Miami University,80+,,6.5+,,,2.75+,,,1100+,,,,,,,,,,
University of Edinburgh Business School ,92+,3.25+,6.5+,34+,600+,2+,176+,,1290+,,,,,,27+,92+,,,
Marwadi University,,,,,,,,,,,,,,,,,,,
University of Oulu,78+,,6+,27+,,2.8+,,,,,,,,54+,,,,,
IPB University (aka Bogor Agricultural University),,,,,,,,,,,,,,,,,,,
Gulf University for Science and Technology,51+,2.5+,4.5+,,,,,,,,,,,,,,,,
SRH Fernhochschule – The Distance Learning University,,,,,,,,,,,,,,,,,,,
Tilburg University,80+,,6+,24+,550+,3.5+,180+,160+,1170+,,,,,,,,,,
The London School of Economics and Political Science (LSE),,,,,,,,,,,,,,,,,,,
The Education University of Hong Kong,80+,,6+,,,,,,,,,,,,24+,,,,
Université de Montréal ,90+,,6.5+,33+,570+,3+,,307+,1400+,,,,,,33+,,,,
Swiss Educational College,,,6+,,,,,,,,,,,,,,,,
UPES,,2.7+,6+,24+,400+,2.5+,,,1180+,50+,,,,,,,,,
Prince Sattam Bin Abdulaziz University,,,,,,,,,,,,,,,,,,,
Instituto Tecnológico de Sonora (ITSON),,,,,,,,,,,,,,,,,,,
Leiden University,80+,,6+,,,,180+,,,,,,,,,,,,
Northwestern Polytechnical University,80+,2.8+,6+,30+,,2.8+,180+,,,,,,,,,,,,
University of Exeter Business School,90+,,6.5+,,,3.2+,,,,,,,,,,,,,
Universidad Europea de Madrid,,,6.5+,,,,,,,,,,,,,,,,
Thammasat University,61+,,6+,27+,550+,2.5+,,308+,1200+,,,,,,24+,,,,
"School of Hotel and Tourism Management, The Hong Kong Polytechnic University",79+,,6+,,,,,,,,,,,,,,,,
Heriot-Watt University,78+,3.3+,6+,27+,590+,3+,169+,,1400+,,,,,50+,30+,80+,,,
IED - Istituto Europeo di Design,72+,,5+,,,,,,,,0+,,,,,,,,
ALMAAREFA UNIVERSITY,,,,,,,,,,,,,,,,,,,
Saint Peter's University,79+,3+,6.5+,,,,,,,,,,,53+,,,,,
NEOMA Business School France,80+,,6+,,,2.2+,,,,,,,,,,,,,
University of Kent,72+,2.7+,5.5+,34+,,3.2+,176+,,1290+,,,,,62+,27+,87+,,,
The Hong Kong University of Science and Technology,80+,,6+,37+,570+,3.2+,180+,,1290+,,,,,,27+,90+,,,
IE Business School,90+,,7+,36+,650+,3.2+,180+,,1200+,,,,,,24+,,,,
Deusto Business School - University of Deusto,,7+,6.5+,,,,,,,,,,,,,,,,
Prince Mohammad Bin Fahd university,83+,,6+,24+,,2+,,,,,,,,,,,,,
Macao Polytechnic University,,,,,,,,,,,,,,,,,,,
University of Technology Sydney,79+,,6.5+,24+,550+,2.6+,176+,,1090+,,,,,58+,,69+,,,
James Cook University,74+,,6+,24+,590+,2.4+,169+,,1000+,,,,4.5+,52+,22+,90+,,,
European University Cyprus,79+,3+,6.5+,27+,,,,,,,,,,,,,,,
University of Exeter Business School,90+,,6.5+,,,3.2+,,,,,,,,,,,,,
"City, University of London",100+,,6+,30+,600+,3.2+,162+,310+,1300+,,,,,51+,,,,,
University of Jordan,59+,,5+,,,,,,,,,,,,,,,,
IE Business School,90+,,7+,36+,650+,3.2+,180+,,1200+,,,,,,24+,,,,
Istituto Marangoni,,,6+,,,,,,,,,,,,,,,,
Universidad del Rosario,,,,,,,,,,,,,,,,,,,
Universidad Católica de Cuenca,,,,,,,,,,,,,,,,,,,
The Hong Kong University of Science and Technology,80+,,6+,37+,570+,3.2+,180+,,1290+,,,,,,27+,90+,,,
Rochester Institute of Technology (RIT),,,,,,,,,,,,,,,,,,,
New York University Tandon School of Engineering,90+,,7+,37+,714+,3+,180+,299+,1440+,,,,,65+,32+,,,,
Universidad del Rosario,,,,,,,,,,,,,,,,,,,
San Ignacio University,,,,,,,,,,,,,,,,,,,
ESCP Business School - Madrid,,,,,,,,,,,,,,,,,,,
ALMAAREFA UNIVERSITY,,,,,,,,,,,,,,,,,,,
Hult International Business School,80+,,6+,,,,,,,,,,,,,,,,
Lund University,90+,3+,6.5+,30+,,2.8+,,,,,,,,,,,,,
Ashland University,,,,,,,,,,,,,,,,,,,
"School of Hotel and Tourism Management, The Hong Kong Polytechnic University",79+,,6+,,,,,,,,,,,,,,,,
Les Roches Global Hospitality Management Education,70+,,6+,,,2.5+,160+,,,,,,,,,,,,
Université Côte d'Azur,,,,,,,,,,,,,,,,,,,
University of Otago,80+,,6+,24+,550+,2.8+,176+,,1190+,,,,,50+,24+,74+,,,
Luxembourg School of Business,,,,,,,,,,,,,,,,,,,
BI Norwegian Business School,80+,3.5+,6+,20+,600+,3.5+,180+,158+,,,,,,59+,,,,,
ICN Business School,80+,,6+,34+,,,168+,,,,,,,,,,,,
Frankfurt School of Finance and Management,90+,,7+,,640+,3.2+,170+,,,,,,,70+,,,,,
Universitat Autònoma de Barcelona,90+,,6.5+,24+,,2+,,,,,,,,,,,,,
Katz Graduate School of Business,80+,3.25+,6.5+,,562+,2.75+,,304+,1280+,,,,,,,,,,
Northern Borders University,,,,,,,,,,,,,,,,,,,
Kangwon National University,,,,,,,,,,,,,,,,,,,
Universidad de Guadalajara (UDG),42+,,4+,24+,,2+,140+,,,,,,,43+,,,,,
Universidad de León,,,,,,,,,,,,,,,,,,,
IU International University of Applied Sciences,,,,,,,,,,,,,,,,,,,
Effat University,53+,2.75+,5.5+,,,,,,,80+,162+,,,,,,,,
University of Technology Sydney,79+,,6.5+,24+,550+,2.6+,176+,,1090+,,,,,58+,,69+,,,
Liverpool School of Tropical Medicine (LSTM),,,,,,,,,,,,,,,,,,,
Leiden University,80+,,6+,,,,180+,,,,,,,,,,,,
University of Nicosia,80+,,6+,33+,400+,3+,180+,,,,,,,,,,,,
L.N. Gumilyov Eurasian National University (ENU),,,,,,,,,,,,,,,,,,,
Les Roches Global Hospitality Management Education,70+,,6+,,,2.5+,160+,,,,,,,,,,,,
Karolinska Institutet,90+,3+,6.5+,30+,,2.8+,,,,,,,,62+,,,,,
Università degli Studi di Pavia,45+,,5+,24+,,2+,,,,,,,,,,,,,
Glion Institute of Higher Education,70+,,5+,,,,180+,,,,,,,,,,,,
Canadian University Dubai,61+,3+,5+,24+,,,,,1100+,,,,,,27+,,,,
European University Cyprus,79+,3+,6.5+,27+,,,,,,,,,,,,,,,
University of Exeter Business School,90+,,6.5+,,,3.2+,,,,,,,,,,,,,
Universitas Andalas,,,,,,,,,,,448+,,,,,,,,
Sciences Po,,,6.5+,,,,,,,,,,,,,,,,
London College of Creative Media,,,,,,,,,,,,,,,,,,,
Universidad de La Sabana,,,,,,,,,,,,,,,,,,,
Instituto Tecnológico de Sonora (ITSON),,,,,,,,,,,,,,,,,,,
Institut Polytechnique de Paris,90+,,6+,,,3+,176+,,,,,,,,,,,,
The University of Auckland,80+,,6+,26+,550+,3.3+,169+,,1150+,,,,,50+,,74+,,,
Temple University,79+,,6+,,635+,3.3+,,,1221+,,,,,,,,,,
National Taiwan Normal University,,,,,,,,,,,,,,,,,,,
University of Szeged,53+,3+,5.5+,27+,500+,2.5+,,,,,,,,,,,,,
University of Edinburgh Business School ,92+,3.25+,6.5+,34+,600+,2+,176+,,1290+,,,,,,27+,92+,,,
Hotelschool The Hague,80+,,6+,24+,,3+,,,,,,,,,,,,,
"Macquarie University (Sydney, Australia)",83+,,6.5+,26+,680+,3+,180+,303+,1140+,,,,,58+,22+,80+,,,
"IÉSEG School of Management, Lille - Paris, France",85+,,6.5+,,,,,,,,,,,,,,,,
Clarkson University,80+,3+,6.5+,33+,550+,3.3+,,309+,1240+,,,,,56+,27+,,,,
Luxembourg School of Business,,,,,,,,,,,,,,,,,,,
Prince Mohammad Bin Fahd university,83+,,6+,24+,,2+,,,,,,,,,,,,,
Universidad Popular Autónoma del Estado de Puebla (UPAEP),,,,,,,,,,,,,,,,,,,
Universidad Europea de Madrid,,,6.5+,,,,,,,,,,,,,,,,
Heriot-Watt University,78+,3.3+,6+,27+,590+,3+,169+,,1400+,,,,,50+,30+,80+,,,
Lund University,90+,3+,6.5+,30+,,2.8+,,,,,,,,,,,,,
Breda University of Applied Sciences,80+,,6+,,,,169+,,,,,,,,,,,,
Drexel University - College of Engineering,90+,3+,6.5+,,,,,,,,,,,61+,,,,,
University of Navarra,95+,,6.5+,,,,,,,,,,,,,,,,
University of Bristol,90+,,6.5+,37+,,3.4+,168+,,650+,,,,,67+,24+,,,,
Frankfurt School of Finance and Management,90+,,7+,,640+,3.2+,170+,,,,,,,70+,,,,,
Ashland University,,,,,,,,,,,,,,,,,,,
Thammasat University,61+,,6+,27+,550+,2.5+,,308+,1200+,,,,,,24+,,,,
"The Mitchell E. Daniels, Jr. School of Business",93+,2.4+,,,500+,3.7+,,,1246+,,,,,,,,,,
Amman Arab University,,,,,,,,,,,,,,,,,,,
Iloilo Science and Technology University,,,,,,,,,,,,,,,,,,,
Università Cattolica del Sacro Cuore,80+,,6+,24+,,2+,,300+,,,,,,,,,,,
Les Roches Global Hospitality Management Education,70+,,6+,,,2.5+,160+,,,,,,,,,,,,
Universidad Europea de Madrid,,,6.5+,,,,,,,,,,,,,,,,
The Chinese University of Hong Kong (CUHK),80+,2.7+,6+,30+,680+,3+,,,1190+,,,,,,24+,80+,,,
Universitat de Lleida (University of Lleida),,,,,,,,,,,,,,,,,,,
EM NORMANDIE BUSINESS SCHOOL,83+,,6+,,,,,,,,,,,,,,,,
Narxoz University,,3+,5.5+,,,,,,,,,,,,,,,,
EUHT StPOL Barcelona - Sant Pol School of Hospitality and Culinary Management,,,,,,,,,,,,,,,,,,,
Universidade de São Paulo,,,,,,,,,,,,,,,,,,,
University of South Australia,0+,,6+,,,,169+,,,,,,,50+,,,,,
University of Technology Sydney,79+,,6.5+,24+,550+,2.6+,176+,,1090+,,,,,58+,,69+,,,
IMT Atlantique,80+,,6+,24+,,2+,,,,,,,,,,,,,
Cardiff University,90+,,6.5+,32+,590+,2.8+,176+,,1200+,,,,,62+,23+,85+,,,
Saint Peter's University,79+,3+,6.5+,,,,,,,,,,,53+,,,,,
National Taiwan University (NTU),71+,,5.5+,37+,,3.5+,,,,,,,,,,,,,
Narxoz University,,3+,5.5+,,,,,,,,,,,,,,,,
University of Antwerp,80+,,6.5+,,,,,,,,,,,,,,,,
Sophia University ,79+,,6+,37+,,3+,,,,,,,,,,,,,
Foisie Business School,,,,,,,,,,,,,,,,,,,
York University,83+,,6.5+,30+,550+,2.7+,180+,,1290+,,,,,60+,29+,,,,
Al-Farabi Kazakh National University,87+,,6+,33+,,3+,,,,,,,,,,,,,
ESILV - Engineering School,,,,,,,,,,,,,,,,,,,
"School of Hotel and Tourism Management, The Hong Kong Polytechnic University",79+,,6+,,,,,,,,,,,,,,,,
L.N. Gumilyov Eurasian National University (ENU),,,,,,,,,,,,,,,,,,,
University of Southern Queensland,90+,,6.5+,27+,,2.5+,,,1250+,,,,,50+,,58+,,,
"Macquarie University (Sydney, Australia)",83+,,6.5+,26+,680+,3+,180+,303+,1140+,,,,,58+,22+,80+,,,
IMT Atlantique,80+,,6+,24+,,2+,,,,,,,,,,,,,
University of Macau,80+,,6+,,,2.3+,,,,,,,,,,,,,
The American University of Science,,,,,,,,,,,,,,,,,,,
Università Vita-Salute San Raffaele,95+,,6.5+,24+,,2+,180+,,,,30+,,,76+,,,,,
University of Liverpool,78+,,6+,,600+,3+,,,1290+,,,,,,,86+,,,
Universidad Carlos III de Madrid (UC3M),72+,,5.5+,24+,,2+,,,,,,,,,,,,,
emlyon business school,72+,,5.5+,27+,,2.5+,160+,,,,,,,59+,,,,,
ESCP Business School - Torino,90+,,6+,,,,,,,,,,,,,,,,
Ferrandi Paris,,,,,,,,,,,,,,,,,,,
University of Tartu,75+,,6+,,,,169+,,,,,,,59+,,,,,
University of Exeter Business School,90+,,6.5+,,,3.2+,,,,,,,,,,,,,
WU (Vienna University of Economics and Business),85+,2.5+,6+,33+,500+,2.5+,180+,,,,,,,,,,,,
EHL Hospitality Business School,80+,,6+,,,3+,,,1000+,,,,,,,75+,,,
Vlerick Business School,,,6.5+,,600+,2.7+,,315+,,,,,,,,,,,
University of Debrecen,,,5.5+,30+,,3.2+,,,,,,,,,,,,,
Universidad de La Sabana,,,,,,,,,,,,,,,,,,,
Conrad School of Entrepreneurship and Business - University of Waterloo,,,,,,,,,,,,,,,,,,,
University of Siena,65+,,5.5+,,,,,,,,,,,,,,,,
University of Waikato,,,,,,,,,,,,,,,,,,,
IE School of Science and Technology,100+,,7+,,650+,,,,1200+,,,,,,,,,,
Maryland Institute College of Art,75+,,6.5+,30+,500+,3+,,299+,1250+,,,,,58+,25+,,,,
NHH Norwegian School of Economics,60+,,5+,,600+,0+,,152+,,,,,,,,,,,
University of Amsterdam,92+,3+,6+,36+,600+,3.2+,180+,299+,,,,,,,,,,,
Deusto Business School - University of Deusto,,7+,6.5+,,,,,,,,,,,,,,,,
Université Côte d'Azur,,,,,,,,,,,,,,,,,,,
York University,83+,,6.5+,30+,550+,2.7+,180+,,1290+,,,,,60+,29+,,,,
Lund University,90+,3+,6.5+,30+,,2.8+,,,,,,,,,,,,,
Università di Padova,80+,,6+,24+,600+,2+,,300+,,,,,,65+,,,,,
University of Szeged,53+,3+,5.5+,27+,500+,2.5+,,,,,,,,,,,,,
Universidad Europea de Madrid,,,6.5+,,,,,,,,,,,,,,,,
IPB University (aka Bogor Agricultural University),,,,,,,,,,,,,,,,,,,
Department of Classics,,,,,,,,,,,,,,,,,,,
Sathyabama Institute of Science and Technology (Deemed to be University),,,,,,,,,,,,,,,,,,,
NHH Norwegian School of Economics,60+,,5+,,600+,0+,,152+,,,,,,,,,,,
ICN Business School,80+,,6+,34+,,,168+,,,,,,,,,,,,
Universitat Internacional de Catalunya,85+,,176+,5+,,,4+,,,7+,,,4+,,,,,3+,2+
Samara National Research University (Samara University),,,5+,,,,,,,,,,,,,,,,
KU Leuven,79+,,6.5+,,,,180+,,,,,,,,,,,,
Macao Institute for Tourism Studies (IFTM),59+,,5.5+,,,,,,,,,,,,,,,,
The Catholic University of America,80+,3+,6.5+,,,3+,3+,,,3+,,,3+,,,,,3+,
Sapienza University of Rome,,,,,,,,,,,,,,,,,,,
UCAM Universidad Católica San Antonio de Murcia,72+,,5.5+,,,,,,,,,,,59+,,,,,
University of Alberta,90+,,6.5+,,613+,3.3+,,,1200+,,,,,,,,,,
"IÉSEG School of Management, Lille - Paris, France",85+,,6.5+,,,,,,,,,,,,,,,,
University of Siena,65+,,5.5+,,,,,,,,,,,,,,,,
Imperial College London,92+,,6.5+,38+,600+,3.6+,176+,314+,1200+,,,,,62+,,,,,
INTI International University,,,,,,,,,,,,,,,,,,,
Peking University HSBC Business School (PHBS),,,,,,,,,,,,,,,,,,,
University of Business and Technology ,45+,,5+,,,1.6+,,,,,,,,,,,,,
Duke-NUS Medical School,85+,,7+,,,,,,,,,,,,,,,,
"City, University of London",100+,,6+,30+,600+,3.2+,162+,310+,1300+,,,,,51+,,,,,
Gulf University for Science and Technology,51+,2.5+,4.5+,,,,,,,,,,,,,,,,
Universidad de La Sabana,,,,,,,,,,,,,,,,,,,
Auckland University of Technology (AUT),80+,,6+,24+,,3+,169+,299+,1150+,,,,,50+,22+,70+,,,
City University of Hong Kong,79+,3+,6.5+,30+,,,,,,,,,,,,,,,
Universidade de Vigo,,,,,,,,,,,,,,,,,,,
London School of Hygiene & Tropical Medicine,90+,2+,6+,,,,173+,,,,,,,58+,,,,,
Duke-NUS Medical School,85+,,7+,,,,,,,,,,,,,,,,
University of Sussex Business School,,,,,,,,,,,,,,,,,,,
Universidad Europea de Madrid,,,6.5+,,,,,,,,,,,,,,,,
Barcelona School of Economics,90+,,6.5+,,,,,,,,,,,,,,,,
Universidad de Belgrano,69+,2+,5+,27+,,,,,,,,,,,,,,,
Universidad Nacional Pedro Henriquez Urea (UNPHU),,,,,,,,,,,,,,,,,,,
Aarhus University,83+,,6.5+,24+,,3.4+,180+,,,,,,,,,,,,
SRH Fernhochschule – The Distance Learning University,,,,,,,,,,,,,,,,,,,
Southern University of Science and Technology (SUSTech),75+,,6+,,,,,,,,,,,,,,,,
American University of the Middle East,79+,,6+,,,2+,,,,,,,,,,,,,
Universitat Autònoma de Barcelona,90+,,6.5+,24+,,2+,,,,,,,,,,,,,
Cavite State University,,,,,,,,,,,,,,,,,,,
Taylor's University,79+,,6+,24+,,2+,,,,,,,,,,65+,,,
University of Debrecen,,,5.5+,30+,,3.2+,,,,,,,,,,,,,
Bangor University,78+,,6+,,,3+,,,1100+,,,,,,,80+,,,
"IE School of Politics, Economics & Global Affairs",100+,,7+,,650+,,,,1200+,,,,,,,,,,
Al-Azhar University,,,,,,,,,,,,,,,,,,,
Durham University Business School,92+,,6.5+,,600+,3+,,,1400+,,,,,,,89+,,,
San Ignacio University,,,,,,,,,,,,,,,,,,,
Esade,93+,,6.5+,,,,,,1320+,,,,,,,,,,
Bocconi University,,,,,,,,,,,,,,,,,,,
Liverpool School of Tropical Medicine (LSTM),,,,,,,,,,,,,,,,,,,
Gies College of Business - University of Illinois Urbana Champaign,103+,,7.5+,,,3+,,,,,,,,,,,,,
Australian National University (ANU),80+,,6.5+,29+,550+,4+,176+,,1170+,,,,12+,64+,23+,80+,,,
National Taiwan University of Science and Technology (Taiwan Tech),47+,,4+,,,,,,,,,,,,,,,,
University of Exeter,92+,2.7+,6.5+,,640+,3+,,,,,,,,,,92+,,,
University of Portsmouth,79+,,6+,,,3+,,,1090+,,,,,,,80+,,,
Taylor's University,79+,,6+,24+,,2+,,,,,,,,,,65+,,,
Temple University,79+,,6+,,635+,3.3+,,,1221+,,,,,,,,,,
Kangwon National University,,,,,,,,,,,,,,,,,,,
Durham University Business School,92+,,6.5+,,600+,3+,,,1400+,,,,,,,89+,,,
Universidad Nacional Pedro Henriquez Urea (UNPHU),,,,,,,,,,,,,,,,,,,
National Kaohsiung University of Hospitality and Tourism (NKUHT),,,,,,,,,,,,,,,,,,,
University of Sussex,80+,2.7+,6+,30+,590+,3+,169+,299+,1300+,,,,,59+,26+,85+,,,
IE School of Science and Technology,100+,,7+,,650+,,,,1200+,,,,,,,,,,
Foisie Business School,,,,,,,,,,,,,,,,,,,
IMT Nord Europe,,,,,,,,,,,,,,,,,,,
BI Norwegian Business School,80+,3.5+,6+,20+,600+,3.5+,180+,158+,,,,,,59+,,,,,
Oxford Brookes University,72+,,6+,24+,,3+,160+,,1250+,,,,,51+,,,,,
NHH Norwegian School of Economics,60+,,5+,,600+,0+,,152+,,,,,,,,,,,
Lund University,90+,3+,6.5+,30+,,2.8+,,,,,,,,,,,,,
University of Bristol,90+,,6.5+,37+,,3.4+,168+,,650+,,,,,67+,24+,,,,
IE Business School,90+,,7+,36+,650+,3.2+,180+,,1200+,,,,,,24+,,,,
Al-Azhar University,,,,,,,,,,,,,,,,,,,
Montpellier Business School,80+,,6+,,,2.5+,,,,,,,,,,,,,
ESCP Business School - Torino,90+,,6+,,,,,,,,,,,,,,,,
School of Foreign Service,100+,,7+,,,,,,,,,,,,,,,,
Al-Farabi Kazakh National University,87+,,6+,33+,,3+,,,,,,,,,,,,,
Miami University,80+,,6.5+,,,2.75+,,,1100+,,,,,,,,,,
UCAM Universidad Católica San Antonio de Murcia,72+,,5.5+,,,,,,,,,,,59+,,,,,
Luiss University,100+,,6.5+,35+,550+,,160+,145+,1090+,,,,,,20+,,,,
Ferrandi Paris,,,,,,,,,,,,,,,,,,,
Cavite State University,,,,,,,,,,,,,,,,,,,
Sapienza University of Rome,,,,,,,,,,,,,,,,,,,
Umm Al-Qura University,,,,,,,,,,,,,,,,,,,
NUS Business Analytics Centre,,,,,,,,,,,,,,,,,,,
Nueva Ecija University of Science and Technology,,,,,,,,,,,,,,,,,,,
Kogod School of Business,100+,,7+,,580+,2.75+,,310+,1240+,,,,,,,,,,
University College Dublin,90+,,6.5+,24+,646+,3+,176+,299+,1090+,,,,,63+,,,,,
ISCTE Business School,,,,,,,,,,,,,,,,,,,
Università degli Studi di Pavia,45+,,5+,24+,,2+,,,,,,,,,,,,,
University of Navarra,95+,,6.5+,,,,,,,,,,,,,,,,
Sobey School of Business - Saint Mary's University,,,,,550+,3+,,,,,,,,,,,,,
Bocconi University,,,,,,,,,,,,,,,,,,,
Pontificia Universidad Catolica del Peru (PUCP),,,,24+,,2+,,,,,,,,,,,,,
University of Technology Sydney,79+,,6.5+,24+,550+,2.6+,176+,,1090+,,,,,58+,,69+,,,
Universidad del Pacífico,+,,+,,+,+,,+,+,,,,,,,+,+,,
ESCP Business School - Madrid,,,,,,,,,,,,,,,,,,,
Westminster Business School | University of Westminster,80+,,6+,,,2.8+,,,1180+,,,,,,,,,,
Duke-NUS Medical School,85+,,7+,,,,,,,,,,,,,,,,
Universidad Peruana Cayetano Heredia (UPCH),,,,,,,,,,,,,,,,,,,
"Trinity College Dublin, The University of Dublin",90+,,6.5+,24+,550+,3.2+,180+,306+,1250+,,,,,63+,27+,90+,,,
Universitat Internacional de Catalunya,85+,,176+,5+,,,4+,,,7+,,,4+,,,,,3+,2+
Southern University of Science and Technology (SUSTech),75+,,6+,,,,,,,,,,,,,,,,
Prince Mohammad Bin Fahd university,83+,,6+,24+,,2+,,,,,,,,,,,,,
American University of Ras Al Khaimah,0+,0+,5+,,,,,,,,,,,,,,,,
ESMT Berlin,95+,,7+,,0+,,,0+,,,,,,,,,,,
Prince Sattam Bin Abdulaziz University,,,,,,,,,,,,,,,,,,,
Aalto University,,,,,,,,,,,,,,,,,,,
Universidad del Pacífico,+,,+,,+,+,,+,+,,,,,,,+,+,,
Duke-NUS Medical School,85+,,7+,,,,,,,,,,,,,,,,
Management and Science University,80+,2+,5+,,,2+,,,,,,,,,,,,,
UCL,92+,,6.5+,39+,600+,3.5+,176+,322+,1490+,,,,,62+,32+,96+,,,
Al-Farabi Kazakh National University,87+,,6+,33+,,3+,,,,,,,,,,,,,
Università di Padova,80+,,6+,24+,600+,2+,,300+,,,,,,65+,,,,,
Politecnico di Torino,72+,,5.5+,27+,,,160+,,,,,,,59+,,,,,
University of Liverpool,78+,,6+,,600+,3+,,,1290+,,,,,,,86+,,,
Effat University,53+,2.75+,5.5+,,,,,,,80+,162+,,,,,,,,
Drexel University - College of Engineering,90+,3+,6.5+,,,,,,,,,,,61+,,,,,
Loughborough University,92+,,6.5+,,550+,3.2+,180+,,1180+,,,,,67+,27+,85+,,,
London Business School,90+,3+,6.5+,38+,600+,3.3+,176+,322+,,,,,,62+,,,,,
Curtin University,79+,,6.5+,24+,580+,3+,176+,304+,1000+,,,,,58+,21+,60+,140+,,
Trinity Business School,90+,,6.5+,27+,,,180+,,1250+,,,,,63+,27+,,,,
The Catholic University of America,80+,3+,6.5+,,,3+,3+,,,3+,,,3+,,,,,3+,
Sathyabama Institute of Science and Technology (Deemed to be University),,,,,,,,,,,,,,,,,,,
ISCTE Business School,,,,,,,,,,,,,,,,,,,
University of Edinburgh Business School ,92+,3.25+,6.5+,34+,600+,2+,176+,,1290+,,,,,,27+,92+,,,
Worcester Polytechnic Institute,80+,,6+,,500+,3+,,315+,1360+,,,,,,,,,,
Chalmers University of Technology,90+,,6.5+,30+,,2.8+,180+,,,,,,,62+,,,,,
SBS Swiss Business School,90+,,6.5+,,550+,,,,1200+,,,,,,,,,,
ESCP Business School - Paris,90+,3.3+,6.5+,,,3.3+,,,,,,,,,,,,,
Università Vita-Salute San Raffaele,95+,,6.5+,24+,,2+,180+,,,,30+,,,76+,,,,,
Al-Farabi Kazakh National University,87+,,6+,33+,,3+,,,,,,,,,,,,,
University of Nottingham Ningbo China,,3.1+,,,,,,,,,,,,,,,,,
Samarkand State University,,,,,,,,,,,,,57+,,,,,,
Ferrandi Paris,,,,,,,,,,,,,,,,,,,
Universidade de Vigo,,,,,,,,,,,,,,,,,,,
Holy Family University,,,,,,,,,,,,,,,,,,,
Maastricht University,80+,,6+,,,,,,,,,,,,,,,,
Pontificia Universidad Católica Argentina,,,,27+,,2.5+,,,,,,,,,,,,,
Sunway University,80+,,6+,24+,600+,2+,,,,,,,,,,60+,,,
University of Southern Queensland,90+,,6.5+,27+,,2.5+,,,1250+,,,,,50+,,58+,,,
UCAM Universidad Católica San Antonio de Murcia,72+,,5.5+,,,,,,,,,,,59+,,,,,
National Taiwan University (NTU),71+,,5.5+,37+,,3.5+,,,,,,,,,,,,,
Pace University - New York,80+,,6.5+,,,,,,,,,,,54+,,,,,
Universidade de Vigo,,,,,,,,,,,,,,,,,,,
Maryland Institute College of Art,75+,,6.5+,30+,500+,3+,,299+,1250+,,,,,58+,25+,,,,
University of Navarra,95+,,6.5+,,,,,,,,,,,,,,,,
ESCP Business School - Torino,90+,,6+,,,,,,,,,,,,,,,,
Loughborough University,92+,,6.5+,,550+,3.2+,180+,,1180+,,,,,67+,27+,85+,,,
University of Nizwa,,,,,,,,,,,,,,,,,,,
Khalifa University,91+,3+,6.5+,,,3+,,150+,,,,,,,,,,,
Université Côte d'Azur,,,,,,,,,,,,,,,,,,,
Universidad Técnica de Cotopaxi,,,,,,,,,,,,,,,,,,,
Polytechnic Institute of New York University,,,,,,,,,,,,,,,,,,,
Kansai University ,,,,,,,,,,,,,,,,,,,
Iran University of Science and Technology,,,,,,,,,,,,,,,,,,,
Northeast Normal University,,,,,,,,,,,,,,,,,,,
Universidad Nacional de Educacion a Distancia,,,,5+,,,,,,,,,,,,,,,
Lund University School of Economics and Management,,,,,,,,,,,,,,,,,,,
Universiti Teknologi Malaysia ,,,,,,,,,,,,,,,,,,,
Athens Information Technology,,,,,,,,,,,,,,,,,,,
Imam Al-adham College,,,,,,,,,,,,,,,,,,,
Goethe Business School,,,,,,,,,,,,,,,,,,,
École Navale,,,,,,,,,,,,,,,,,,,
Ecole nationale des chartes,,,,,,,,,,,,,,,,,,,
Marmara University,,,,,,,,,,,,,,,,,,,
Nagasaki University,,,,,,,,,,,,,,,,,,,
California Polytechnic State University,,,,,,,,,,,,,,,,,,,
The Women University Multan,,,,,,,,,,,,,,,,,,,
University of Witwatersrand,100+,,7+,27+,,2+,185+,,,,,,,,,,,,
Dallas Baptist University,,,,,,,,,,,,,,,,,,,
Technical University of Moldova,,,,,,,,,,,,,,,,,,,
Medical University of Bialystok,,,,,,,,,,,,,,,,,,,
Universidad Autónoma de Tamaulipas (UAT),,,,,,,,,,,,,,,,,,,
University of Kirkuk,,,,,,,,,,,,,,,,,,,
Universidad Militar Nueva Granada,,,,,,,,,,,,,,,,,,,
Fukui Prefectural University ,,,,,,,,,,,,,,,,,,,
Universidad Nacional de Misiones,,,,,,,,,,,,,,,,,,,
Panteion University of Social and Political Sciences,,,,,,,,,,,,,,,,,,,
"National Institute of Technology Karnataka, Surathkal",,,,,480+,,,300+,+,,,,,,,,,,
École Internationale des Sciences du Traitement de l'Information (EISTI),,,,,,,,,,,,,,,,,,,
"Shivaji University, Kolhapur",,,,,,,,,,,,,,,,,,,
University of Kufa,,,,,,,,,,,,,,,,,,,
Aqaba University of Technology,,,,,,,,,,,,,,,,,,,
Tel Aviv University,,,,,,,,,,,,,,,,,,,
Athens School of Fine Arts,,,,,,,,,,,,,,,,,,,
University of Québec System,,,,,,,,,,,,,,,,,,,
Kiev National Linguistics University,,,,,,,,,,,,,,,,,,,
Universidad de Córdoba - Colombia,,,,,,,,,,,,,,,,,,,
"The University of Agriculture, Peshawar",,,,,,2+,,,,,,,,,,,,,
UNIVERSIDAD DE HUELVA,,,,,,,,,,,,,,,,,,,
University of South Bohemia in České Budějovice ,,,,,,,,,,,,,,,,,,,
Indian Institute of Technology Hyderabad (IITH),,,,,,,,,,,,,,,,,,,
Southwest University,,,,,,,,,,,,,,,,,,,
Haliç Üniversitesi,,,,,,,,,,,,,,,,,,,
School of Continuing and Professional Studies,,,,,,,,,,,,,,,,,,,
University of Bahri,,,,,,,,,,,,,,,,,,,
Universidad de la Costa,,,,,,,,,,,,,,,,,,,
Bow Valley College,,,,,,,,,,,,,,,,,,,
Birmingham Business School,80+,,6+,,500+,3+,,,1320+,,,,,,,,,,
Korkyt Ata Kyzylorda University,,,,,,,,,,,,,,,,,,,
Associação Escola Superior de Propaganda e Marketing (ESPM),,,,,,,,,,,,,,,,,,,
Accademia Nazionale di Santa Cecilia,,,,,,,,,,,,,,,,,,,
Universidade do Vale do Itajaí (UNIVALI),,,,,,,,,,,,,,,,,,,
Mahatma Jyotiba Phule Rohilakhand University,,55+,,,,,,,,55+,,55+,,,,,,,
Excelia,,,,,,,,,,,,,,,,,,,
"École Supérieure de Commerce, ESC Chambery, Savoie",,,,,,,,,,,,,,,,,,,
Universität Bremen,,,,,,,,,,,,,,,,,,,
Oklahoma City University,,,,,,,,,,,,,,,,,,,
Universidad de Los Andes - (ULA) Mérida,,,,,,,,,,,,,,,,,,,
West Visayas State University,,,,,,,,,,,,,,,,,,,
Université de Liège,,,,,,,,,,,,,,,,,,,
Morrisville State College (SUNY),,,,,,,,,,,,,,,,,,,
California Intercontinental University,,,,,,,,,,,,,,,,,,,
Conservatoire National des Arts et Métiers (CNAM),,,,,,,,,,,,,,,,,,,
Regent's American College London,,,,,,,,,,,,,,,,,,,
Private Higher Educational Establishment “Kyiv Medical University”,,,,,,,,,,,,,,,,,,,
Universidad Autónoma de Guerrero (UAGRO),,,,,,,,,,,,,,,,,,,
Khemis Miliana University,,,,,,,,,,,,,,,,,,,
Jiangnan University,,,,,,,,,,,,,,,,,,,
University Canada West,,3+,6+,,,,,,,2+,,,,,,,,,
Max M. Fisher College of Business,,,,,,3+,,,,,,,,,,,,,
Universidad de Cuenca,,,,,,,,,,,,,,,,,,,
School of Economics and management,,,,,,,,,,,,,,,,,,,
University of Denver,80+,,6+,,,3+,,307+,1180+,,,,,,,,,,
McDonough School of Business,,,,,650+,2+,,,1350+,,,,,,,,,,
"University of Benin, Nigeria",,,,,,,,,,,,,,,,,,,
"Universidad de Diseño, Innovación y Tecnología",,,,,,,,,,,,,,,,,,,
Emerson College,,,,,,,,,,,,,,,,,,,
Universität Flensburg,,,,,,,,,,,,,,,,,,,
Universidad Tecnológica del Centro,,,,,,,,,,,,,,,,,,,
Universidad Católica Tecnológica del Cibao - UCATECI,,,,,,,,,,,,,,,,,,,
Southern Utah University,,,,,,,,,,,,,,,,,,,
West Kazakhstan Engineering-Humanitarian University,,,,,,,,,,,,,,,,,,,
Edinburgh Napier University,80+,,6+,,,2.2+,,,1000+,,,,,,,,,,
University of Sunderland,78+,,6+,,580+,2+,,,1350+,,,,,,,,,,
Inner Mongolia University,,,,,,,,,,,,,,,,,,,
"Jiwaji University, Gwalior",,,,,,,,,,,,,,,,,,,
Huazhong University of Science and Technology,,,,,,,,,,,,,,,,,,,
American University of Culture and Education (AUCE),,2+,,,,,,,,,,,,,,,,,
Erasmus School of Economics,,,,,,,,,,,,,,,,,,,
Tunghai University,,,,,,,,,,,,,,,,,,,
Niigata University,,,,,,,,,,,,,,,,,,,
ESIEE Paris,65+,,5+,,,,,,,,,,,,,,,,
Universidad Cuauhtémoc - Campus Guadalajara,,,,,,,,,,,,,,,,,,,
Bethel College,,,,,,,,,,,,,,,,,,,
London College of Science and Technology,,,,,,,,,,,,,,,,,,,
École Européenne d'Ingénieurs en Génie des Matériaux (EEIGM),,,,,,,,,,,,,,,,,,,
Berner Fachhochschule,,,,,,,,,,,,,,,,,,,
University of Luxembourg,,,,,,,,,,,,,,,,,,,
Toyo University ,,,,,,,,,,,,,,,,,,,
"University of California, San Diego (UCSD)",83+,,7+,,668+,3+,,,1390+,,,,,,,,,,
Angeles University Foundation,,,,,,,,,,,,,,,,,,,
Universität Flensburg,,,,,,,,,,,,,,,,,,,
Universidad Estatal de Sonora,,,,,,,,,,,,,,,,,,,
Bahauddin Zakariya University ,,,,,,,,,,,,,,,,,,,
Bandung Institute of Technology (ITB),,,,,,,,,,,,,,,,,,,
Universidad Alberto Hurtado,,,,,,,,,,,,,,,,,,,
London School of Design & Marketing,,,,,,,,,,,,,,,,,,,
Universitas Atma Jaya Yogyakarta,,,,,,,,,,80+,,,,,,,,,
"University of Education, Lahore",,2.5+,,,,,,,,495+,60+,,,,,,,,
Universidad Industrial de Santander - UIS,,,,,,,,,,,,,,,,,,,
Universidad Técnica de Oruro,,,,,,,,,,,,,,,,,,,
University of Jammu,,,,,,,,,,,,,,,,,,,
Marian University (Indiana),,,,,,,,,,,,,,,,,,,
OSMANIA UNIVERSITY,,,,,,,,,,,,,,,,,,,
Jubail Industrial College,,,,,,,,,,,,,,,,,,,
Universidad Central de Chile ,,,,,,,,,,,,,,,,,,,
Russian University of Transport,,,,,,,,,,,,,,,,,,,
Graduate School of Education and Psychology,,,,,,,,,,,,,,,,,,,
Universidad Privada del Norte,,,,,,,,,,,,,,,,,,,
Hodges University,,,,,,,,,,,,,,,,,,,
Bates College,,,,,,,,,,,,,,,,,,,
Institut Supérieur d'Électronique de Paris (ISEP),,,,,,,,,,,,,,,,,,,
"Srishti Institute of Art, Design and Technology",,,,,,,,,,,,,,,,,,,
"School of Sport, Tourism and Hospitality Management",,,,,,,,,,,,,,,,,,,
Universitat Jaume I,,,,,,,,,,,,,,,,,,,
VORONEZH INSTITUTE OF HIGH TECHNOLOGIES,,,,,,,,,,,,,,,,,,,
Koç University Graduate School of Business,,,,,,,,,,,,,,,,,,,
Université Pierre Mendès France - Grenoble 2,,,,,,,,,,,,,,,,,,,
Indonesia Institute of the Arts Yogyakarta,,,,,,,,,,,,,,,,,,,
University of Illinois at Chicago Liautaud,80+,,6+,,,3+,,,,,,,,,,,,,
Central Saint Martins - University of the Arts London,,,,,,,,,,,,,,,,,,,
St. Cloud State University,,,,,,,,,,,,,,,,,,,
Rajamangala University of Technology Thanyaburi (RMUTT),,,,,,,,,,,,,,,,,,,
Frontier Women University,,,,,,,,,,,,,,,,,,,
Weatherhead School of Management,,,,,623+,3+,,,1340+,,,,,,,,,,
Zhytomyr Polytechnic State University,,,,,,,,,,,,,,,,,,,
University of Pittsburgh-Bradford,,,,,,,,,,,,,,,,,,,
Kellstadt Graduate School of Business,,,,,,,,,,,,,,,,,,,
Valdosta State University,,,,,,,,,,,,,,,,,,,
University of Evansville,,,,,,,,,,,,,,,,,,,
University of Cyprus (UCY),,,,,,,,,,,,,,,,,,,
UCSD School of Global Policy and Strategy,,,,,,,,,,,,,,,,,,,
University of Pisa,,,,,,,,,,,,,,,,,,,
Koç University Graduate School of Business,,,,,,,,,,,,,,,,,,,
University of Galway,,,,,,,,,,,,,,,,,,,
Hiroshima University,,,,,,,,,,,,,,,,,,,
University of Rijeka,,,,,,,,,,,,,,,,,,,
S P Jain School of Global Management – Dubai,,,,,,,,,,,,,,,,,,,
The Kellogg School of Management,,,,,590+,4+,,,1370+,,,,,,,,,,
Loughborough Business School,92+,,6+,,,3+,,,1300+,,,,,,,85+,,,
Uppsala University,,,,,,,,,,,,,,,,,,,
Thomas University,,,,,,,,,,,,,,,,,,,
Ulyanovsk State University,,,,,,120+,,,,,40+,,,,,,,,
SVKM's Narsee Monjee Institute of Management Studies(Deemed to be University),,,,,,,,,,,,,,,,,,,
Ubonratchathani Rajabhat University ,,,,,,,,,,,,,,,,,,,
Sookmyung Women's University ,,,,,,,,,,,,,,,,,,,
Champlain College,,,,,,,,,,,,,,,,,,,
Universita' degli Studi del Molise,,,,,,,,,,,,,,,,,,,
Russian Institute of Theatre Arts  (GITIS),,,,,,,,,,,,,,,,,,,
Universitas Negeri Padang,,,,,,,,,,,,,,,,,,,
Ferdowsi University of Mashhad,,,,,,,,,,,,,,,,,,,
Hochschule Offenburg,,,,,,,,,,,,,,,,,,,
School of Inspired Leadership,,,,,,,,,,,,,,,,,,,
University of Bergen,,,,,,,,,,,,,,,,,,,
Flinders University,72+,,6+,,,4+,,,,,,,,,,65+,,,
University of Notre Dame,100+,,7+,,690+,+,,,1410+,,,,,,,,,,
Université La Sagesse,,,,,,,,,,,,,,,,,,,
Universidad Pedagógica Nacional Francisco Morazán (UPNFM),,,,,,,,,,,,,,,,,,,
Chitkara University,,,,,,,,,,,,,,,,,,,
Bond School of Business,,,,,580+,,,,940+,,,,,,,63+,,,
Ufa State Petroleum Technological University,,,,,,,,,,,150+,,,,,,,,
Université Paris-Est Créteil Val de Marne,,,,,,,,,,,,,,,,,,,
Russian-Armenian University (RAU),,,,,,,,,,,,,,,,,,,
Justus-Liebig-University Giessen,,,,,,,,,,,,,,,,,,,
Dumlupinar Üniversitesi,,,,,,,,,,,,,,,,,,,
Tishreen University,,,,,,,,,,,,,,,,,,,
Morrisville State College (SUNY),,,,,,,,,,,,,,,,,,,
Universidad Panamericana de Guatemala,,,,,,,,,,,,,,,,,,,
Universidade Salvador (UNIFACS),,,,,,,,,,,,,,,,,,,
Escuela Superior Politecnica de Chimborazo (ESPOCH),,,,,,,,,,,0+,,,,,,,,
Texas Tech University,79+,,6+,,,3+,,,1180+,,,,,,,,,,
University of Rzeszów,,,,,,,,,,,,,,,,,,,
Taiyuan University of Technology,,,,,,,,,,,,,,,,,,,
MINES Saint-Etienne,,,,,,,,,,,,,,,,,,,
Institute of International Education,,,,,,,,,,,,,,,,,,,
Almaty Technological University,,,,,,,,,,,,,,,,,,,
Beihang University (former BUAA),,,,,,,,,,,,,,,,,,,
Zhetysu University named after Ilyas Zhansugurov,,,,,,,,,,,,,,,,,,,
Princess Sumaya University for Technology,,,,,,,,,,,,,,,,,,,
Kochi University of Technology (KUT),,,,,,,,,,,,,,,,,,,
Fayoum University,,,,,,,,,,,,,,,,,,,
University of Tobruk,,,,,,,,,,,,,,,,,,,
University Centre of Maghnia,,,,10+,,,,,,,,,,,,,,,10+
Vetsuisse Faculty Bern and Zurich,,,,,,,,,,,,,,,,,,,
Conservatoire national supérieur d’art dramatique de Paris (CNSAD),,,,,,,,,,,,,,,,,,,
Minin Nizhny Novgorod State Pedagogical University,,4+,,,,,,,,,,,55+,,,,,,
CW International Education,,,,,,,,,,,,,,,,,,,
Nottingham Business School,83+,,6+,,650+,3+,,,1090+,,,,,,,92+,,,
Knowledge University,,50+,,,,,,,,,,,,,,,,,
New York Institute of Technology,,,,,,,,,,,,,,,,,,,
University of the Incarnate Word,,,,,,,,,,,,,,,,,,,
Université du Québec,,,,,,,,,,,,,,,,,,,
Nantes Université,,,,,,,,,,,,,,,,,,,
Universität Regensburg,,,,,,,,,,,,,,,,,,,
Indian Institute of Technology Madras (IITM),,,,,,,,,,,,,,,,,,,
Synergy University,,,,,,,,,,,,,,,,,,,
Shaanxi Normal University,,,,,,,,,,,,,,,,,,,
Voronezh State Medical Academy named after N.N. Burdenko,,,,,,,,,,,,,,,,,,,
Osaka Kyoiku University,,,,,,,,,,,,,,,,,,,
Medical College of Wisconsin,,,,,,,,,,,,,,,,,,,
École Nationale Supérieure de Chimie de Lille,,,,,,,,,,,,,,,,,,,
Kyoto Institute of Technology,,,,,,,,,,,,,,,,,,,
Indian School of Business,,,,,,,,,,,,,,,,,,,
Mogilev State A. Kuleshov University,,,,,,,,,,,,,,,,,,,
St Lawrence University,,,,,,,,,,,,,,,,,,,
University of Gujrat,,,,,,,,,,,,,,,,,,,
University of Alkafeel,,,,,,,,,,,,,,,,,,,
"University of Salford, Salford Business School",,,,,,,,,,,,,,,,,,,
DeVry University ,,,,,,,,,,,,,,,,,,,
Indian Institute of Information Technology Design and Manufacturing Kancheepuram,,,,,,,,,,,,,,,,,,,
Kogakuin University of Technology and Engineering,,,,,,,,,,,,,,,,,,,
Medical University of South Carolina,,,,,,,,,,,,,,,,,,,
Imam Abdulrahman Bin Faisal University (IAU),,,,,,,,,,,,,,,,,,,
W. P. Carey School of Business,,,,,694+,3+,,313+,1120+,,,,,,,,,,
UNIVERSITAS MEDAN AREA,,,,,,,,,,,,,,,,,,,
ESCI-UPF International Business,,,,,,,,,,,,,,,,,,,
Catawba College,,,,,,,,,,,,,,,,,,,
Kelley School of Business,100+,,7+,,640+,3+,,,,,,,,,,,,,
Institute of Technology Tralee,,,,,,,,,,,,,,,,,,,
Istanbul Sabahattin Zaim University,,,,,,,,,,,,,,,,,,,
Analysis Institute of Management,,,,,,,,,,,,,,,,,,,
Indiana Tech,,,,,,,,,,,,,,,,,,,
CESINE Design & Business School,,,,,,,,,,,,,,,,,,,
Thompson Rivers University,,,,,,,,,,,,,,,,,,,
Nara Women's University,,,,,,,,,,,,,,,,,,,
"University of California, Irvine ",,,,,,,,,,,,,,,,,,,
Universidad del Norte ,,,,,,,,,,,,,,,,,,,
Tampere University of Technology ,,,,,,,,,,,,,,,,,,,
Universitas Muhammadiyah Yogyakarta,,,,,,,,,,,,,,,,,,,
Leeds Art University,,,,,,,,,,,,,,,,,,,
Georgia Regents University,,,,,,,,,,,,,,,,,,,
Khemis Miliana University,,,,,,,,,,,,,,,,,,,
Geneva School of Diplomacy & International Relations,,,,,,,,,,,,,,,,,,,
Kristianstad University ,,,,,,,,,,,,,,,,,,,
Universite Catholique de Lille,80+,,6+,,,,,,,,,,,54+,,,,,
Sports Management School (SMS) - Groupe EDC,,,,,,,,,,,,,,,,,,,
Zicklin School of Business,,,,,,3+,,,,,,,,,,,,,
Hamline University,,,,,,,,,,,,,,,,,,,
Macromedia University of Applied Sciences ,,,,,,,,,,,,,,,,,,,
EMBA-Global Asia,,,,,,,,,,,,,,,,,,,
Babes-Bolyai University,,,,,,,,,,,,,,,,,,,
Tomsk State University,,,5+,,,,,,,,,,,,,,,,
Université de Bretagne Occidentale ,,,,,,,,,,,,,,,,,,,
American University of Kuwait,,,,,,,,,,,,,,,,,,,
Universidad Nacional de San Martín (UNSAM),,,,,,,,,,,,,,,,,,,
University of the Aegean,,,,,,,,,,,,,,,,,,,
Wroclaw University of Economics ,,,,,,,,,,,,,,,,,,,
Eurasia International University,,,,,,,,,,,,,,,,,,,
Graduate School of Business Administration,,,,,,,,,,,,,,,,,,,
State Academic University for the Humanities (GAUGN),,,,,,,,,,,,,,,,,,,
Universidad Nacional de Lujan,,,,,,,,,,,,,,,,,,,
National University ,,,,,,,,,,,,,,,,,,,
SUAN SUNANDHA RAJABHAT UNIVERSITY,,,,,,,,,,,,,,,,,,,
NEWTON University,,,,,,,,,,,,,,,,,,,
Indian Institute of Technology Roorkee (IITR),,,,,,,,,,,,,,,,,,,
KEDGE Business School,85+,,6+,,,,,,,,,,,,,,,,
Chirchik State Pedagogical University,,,,,,,,,,,,,,,,,,,
Charles University,,,,,,,,,,,,,,,,,,,
CUNY Brooklyn College,,,,,,,,,,,,,,,,,,,
Southern Methodist University,80+,,6+,,,3+,,,1330+,,,,,,,,,,
Institut National des Sciences Appliquées de Lyon (INSA),,,,,,,,,,,,,,,,,,,
"University of Wales, Lampeter",,,,,,,,,,,,,,,,,,,
TU Dortmund University,,,,,,,,,,,,,,,,,,,
Kochi University,,,,,,,,,,,,,,,,,,,
National University - California,,,,,,,,,,,,,,,,,,,
RMIT International University Vietnam,,,,,,,,,,,,,,,,,,,
Tokyo Kasei University,,,,,,,,,,,,,,,,,,,
ESEO Grande École d'Ingénieurs Généralistes,,,,,,,,,,,,,,,,,,,
Kingston Business School,,,6+,,,3+,,,1050+,,,,,,,,,,
Telemark University College,,,,,,,,,,,,,,,,,,,
Presidio Graduate School,,,,,,,,,,,,,,,,,,,
Al-Qalam University College,,,,,,,,,,55+,,,,,,,,,
National University of Tainan,,,,,,,,,,,,,,,,,,,
Mirpur University of Science and Technology (MUST),,,,,,,,,,,,,,,,,,,
Technische Fachhochschule Berlin,,,,,,,,,,,,,,,,,,,
Musashino University,,,,,,,,,,,,,,,,,,,
Brandenburgische Technische Universität Cottbus,,,,,,,,,,,,,,,,,,,
UCFB x GIS,,,6+,,,3+,,,1600+,,,,,,,,,,
The Moscow School of Social and Economic Sciences MSSES - Shaninka,,,,,,,,,,,,,,,,,,,
International University of Monaco,,,,,,,,,,,,,,,,,,,
Hampton University,,,,,,,,,,,,,,,,,,,
Globe Business College Munich,,,,,,,,,,,,,,,,,,,
Università degli Studi dell'Insubria,,,,,,,,,,,,,,,,,,,
University of Europe for Applied Sciences,,,5+,,,,,,,,,,,,,,,,
Suliman S. Olayan School of Business,,,,,,,,,,,,,,,,,,,
Carleton University,86+,,6+,,550+,2+,,,,,,,,,,,,,
Salesian Pontifical University,,,,,,,,,,,,,,,,,,,
The City College of New York,,,,,,,,,,,,,,,,,,,
Paris School of Economics ,,,,,,,,,,,,,,,,,,,
Rome Business School,,,,,,,,,,,,,,,,,,,
Gujarat University,,,,,,,,,,,,,,,,,,,
Tomsk State University of Control Systems and Radioelectronics,,,,,,,,,,,,,,,,,,,
Mapúa University,,85+,,,,,,,,,60+,,,,,,,,
Växjö University,,,,,,,,,,,,,,,,,,,
School of Communication,,,,,,,,,,,,,,,,,,,
Universiti Malaya (UM),,,,,,,,,,,,,,,,,,,
Centennial College,,,,,,,,,,,,,,,,,,,
Goce Delchev University,,,,,,,,,,,,,,,,,,,
Tata Institute of Social Sciences,,,,,,,,,,,50+,,,,,,,,
Dostoevsky Omsk State University,,,,,,,,,,,,,,,,,,,
Shanghai Normal University,,,,,,,,,,,,,,,,,,,
University of Skövde,,,,,,,,,,,,,,,,,,,
Government College University,,,,,,,,,,,,,,,,,,,
VORONEZH INSTITUTE OF HIGH TECHNOLOGIES,,,,,,,,,,,,,,,,,,,
Faculty of Human Sciences - Universidade Catolica Portuguesa,,,,,,,,,,,,,,,,,,,
Sindh Agriculture University,,,,,,,,,,,,,,,,,,,
Korea University,,,,,,,,,,,,,,,,,,,
Palestine Polytechnic University,,,,,,,,,,65+,,,,,,,,,
LASALLE College of the Arts,,,,,,,,,,,,,,,,,,,
Ducere,,,,,,,,,,,,,,,,,,,
CUHK Business School Masters & MBA,,,,,,,,,,,,,,,,,,,
Schaffhausen Institute of Technology,,,,,,,,,,,,,,,,,,,
Delaware State University,,,,,,,,,,,,,,,,,,,
Istanbul Medeniyet University,,,,,,,,,,,,,,,,,,,
American Conservatory Theater (ACT),,,,,,,,,,,,,,,,,,,
GISMA Business School,,,5+,,,2+,,,,,,,,,,,,,
Pontifícia Universidade Católica de São Paulo,,,,,,,,,,,,,,,,,,,
Ecole Nationale Supérieure d'Architecture de Paris-Malaquais,,,,,,,,,,,,,,,,,,,
Universidad Panamericana (UP),,,,,,,,,,,,,,,,,,,
University of Zagreb,,,,,,,,,,,,,,,,,,,
University of Cape Town,,,,,,,,,,,,,,,,,,,
Misurata University,,,,,,,,,,,,,,,,,,,
Indian Institute of Information Technology Design and Manufacturing Kancheepuram,,,,,,,,,,,,,,,,,,,
University of Massachusetts Amherst,80+,,6+,,639+,3+,,320+,1190+,,,,,,,,,,
"National Dairy Research Institute, Karnal",,,,,,,,,,,,,,,,,,,
Ducere,,,,,,,,,,,,,,,,,,,
Yessenov University,,,,,,,,,,,,,,,,,,,
Flagler College-St Augustine,,,,,,,,,,,,,,,,,,,
NYU Center for Urban Science & Progress,,,,,,,,,,,,,,,,,,,
Cambridge Judge Business School,110+,,7+,,693+,3+,,,,,,,,,,,,,
Forman Christian College (A Chartered University),,,,,,,,,,,,,,,,,,,
TELECOM Bretagne,,,,,,,,,,,,,,,,,,,
University of Denver - Daniels College of Business,,,,,560+,2+,,,1170+,,,,,,,,,,
Iran University of Medical Sciences (IUMS),,,6+,,,15+,,,,,17+,,,,,,,,
Kyiv National University of Technologies and Design,,,,,,,,,,,,,,,,,,,
Trent University,93+,,6+,,,7+,,,,,,,,,,,,,
Ben-Gurion University of The Negev,,,,,,,,,,,,,,,,,,,
Universität zu Lübeck,,,,,,,,,,,,,,,,,,,
Universidad Valle del Bravo,,,,,,,,,,,,,,,,,,,
ESIEE Paris,65+,,5+,,,,,,,,,,,,,,,,
Universidad Central ,,,,,,,,,,,,,,,,,,,
Universidad del Istmo - UDELISTMO,,,,,,,,,,,,,,,,,,,
Mondragon University,,,,,,,,,,,,,,,,,,,
Pratt Institute,,,,,,,,,,,,,,,,,,,
Charles Darwin University ,60+,3+,6+,,,3+,,,1200+,,,,,,,60+,135+,,
University of Scranton,,,,,,,,,,,,,,,,,,,
The University of Georgia,80+,,6+,,610+,3+,,300+,1320+,,,,,,,,,,
İstanbul Medipol University,,,,,,,,,,,,,,,,,,,
Universidade Federal do Amazonas-UFAM ,,,,,,,,,,,,,,,,,,,
Universidad Católica de Colombia ,,,,,,,,,,,,,,,,,,,
East China University of Science and Technology,,,,,,,,,,,,,,,,,,,
Corvinus University of Budapest,,,,,,,,,,,,,,,,,,,
Portland State University,,,,,,,,,,,,,,,,,,,
Japan Advanced Institute of Science and Technology,,,,,,,,,,,,,,,,,,,
University of Ibb,,,,,,,,,,,,,,,,,,,
Beijing Sport University,,,,,,,,,,,,,,,,,,,
Unitec Institute of Technology,,,,,,,,,,,,,,,,,,,
"VetAgro Sup, Campus Vétérinaire de Lyon",,,,,,,,,,,,,,,,,,,
University of Copenhagen,,,,,,,,,,,,,,,,,,,
Toraighyrov University,,,,,,,,,,,,,,,,,,,
Franklin and Marshall College,,,,,,,,,,,,,,,,,,,
Jackson State University,,,,,,,,,,,,,,,,,,,
New Jersey Institute of Technology (NJIT),79+,,6.5+,,,2.8+,,,1285+,,,,,,,,,,
Universidade Lúrio (UniLúrio),,,,,,,,,,,,,,,,,,,
Unite Goup Plc,,,,,,,,,,,,,,,,,,,
CUNY College of Staten Island,,,,,,,,,,,,,,,,,,,
Chung Hua University (CHU),,,,,,,,,,,,,,,,,,,
National Yang Ming University,,,,,,,,,,,,,,,,,,,
IONIS School of Technology and Management,,,,,,,,,,,,,,,,,,,
Brest State Technical University,,,,,,,,,,,,,,,,,,,
Siberian State Academy of Geodesy,,,,,,,,,,,,,,,,,,,
National Chung Hsing University,,,,,,,,,,,,,,,,,,,
École d'Ingénieurs ESTACA,,,,,,,,,,,,,,,,,,,
University of Zawia,,,,,,,,,,,,,,,,,,,
Universidad El Bosque ,,,,,,,,,,,,,,,,,,,
University of Kansas Medical Center ,,,,,,,,,,,,,,,,,,,
Bogaziçi Üniversitesi,,,,,,,,,,,,,,,,,,,
Guangdong University of Technology,,,,,,,,,,,,,,,,,,,
Capella University,,,,,,,,,,,,,,,,,,,
IISER Bhopal,,,,,,,,,,,,,,,,,,,
Graduate School of Management,,,,,,,,,,,,,,,,,,,
Ecole des Hautes Etudes en Sciences Sociales,,,,,,,,,,,,,,,,,,,
Iwate University,,,,,,,,,,,,,,,,,,,
Lincoln University College,,,,,,,,,,,,,,,,,,,
"St George's, University of London",,,,,,,,,,,,,,,,,,,
Semyung University,,,,,,,,,,,,,,,,,,,
Indian Institute of Management (IIM) - Calcutta,,,,,,,,,,,,,,,,,,,
"École Nationale Supérieure des Beaux-Arts, Paris",,,,,,,,,,,,,,,,,,,
Graduate School of Arts and Sciences,,,,,,,,,,,,,,,,,,,
Fu Jen Catholic University,,,,,,,,,,,,,,,,,,,
TU Wien – Continuing Education Center,,,,,,,,,,,,,,,,,,,
Dow University of Health Sciences,,,,,,,,,,,,,,,,,,,
Westmont College,,,,,,,,,,,,,,,,,,,
Telecom Paris,79+,,5+,24+,,2+,,,,,,,,,,,,,
Carthage College,,,,,,,,,,,,,,,,,,,
Dublin Business School,,,,,,,,,,,,,,,,,,,
School of Continuing and Professional Studies,,,,,,,,,,,,,,,,,,,
Augsburg University,,,,,,,,,,,,,,,,,,,
University of Regina,,,,,,,,,,,,,,,,,,,
Vrije Universiteit Amsterdam,,,,,,,,,,,,,,,,,,,
Yanshan University,,,,,,,,,,,,,,,,,,,
Isfahan University of Technology,,,,,,,,,,,,,,,,,,,
Lodz University of Technology,,,,,,,,,,,,,,,,,,,
Syracuse University - School of Information Studies,80+,,6.5+,,,,176+,,,,,,,,,,,,
Cornwall College,,,6+,,545+,2+,,,1050+,,,,,,,,,,
Yanbian University,,,,,,,,,,,,,,,,,,,
The Bucharest University of Economic Studies,,,,,,,,,,,,,,,,,,,
Clarke University,,,,,,,,,,,,,,,,,,,
Ecole Nationale Suprieure d'Informatique pour l'Industrie et l'Entreprise (ENSIIE) ,,,,,,,,,,,,,,,,,,,
École Nationale Supérieure de Mécanique et d'Aérotechnique (ENSMA),,,,,,,,,,,,,,,,,,,
ESRA Groupe,,,,,,,,,,,,,,,,,,,
GSM Barcelona,,,,,,,,,,,,,,,,,,,
CENTRO,,3+,6+,30+,,,,,,,,,,,,,,,
Ecole nationale supérieure des arts visuels de La Cambre,,,,,,,,,,,,,,,,,,,
Drake University,,,,,,,,,,,,,,,,,,,
Stefan cel Mare University of Suceava,,,,,,,,,,,,,,,,,,,
"CHRIST (Deemed to be University), Bengaluru",,,,,,,,,,,,,,,,,,,
Shaheed Zulfikar Ali Bhutto Institute of Science and Technology (SZABIST),,,,,,,,,,,,,,,,,,,
Government College Women University Sialkot,,2+,,,,,,,,495+,50+,,,,,,,,
École d'Ingénieurs ITECH,,,,,,,,,,,,,,,,,,,
"École Nationale Supérieure des Industries Chimiques (ENSIC), Nancy",,,,,,,,,,,,,,,,,,,
"Mahatma Gandhi University, Pune",,,,,,,,,,,,,,,,,,,
École Nationale Supérieure de Chimie de Lille,,,,,,,,,,,,,,,,,,,
Hochschule für Musik und Theater Hamburg,,,,,,,,,,,,,,,,,,,
University of Calcutta,,,,,,,,,,45+,50+,,,,,,,,
IT University of Copenhagen,,,,,,,,,,,,,,,,,,,
University of Agronomic Sciences and Veterinary Medicine of Bucharest,,,,,,,,,,,,,,,,,,,
Centro de Estudios Financieros,,,,,,,,,,,,,,,,,,,
Universidad Técnica de Cotopaxi,,,,,,,,,,,,,,,,,,,
Ufa State Aviation Technical University (USATU),,,,,,,,,,,,,,,,,,,
Manipal University Jaipur,,,,,,,,,,,,,,,,,,,
"Tufts University, Fletcher School - Graduate School of International Affairs",,,,,,,,,,,,,,,,,,,
Conservatoire national supérieur de musique et de danse de Lyon,,,,,,,,,,,,,,,,,,,
University of Nigeria Nsukka,,,,,,,,,,,,,,,,,,,
Sun Yat-Sen University,,,,,,,,,,,,,,,,,,,
Universidad del Pacífico - Ecuador,,,,,,,,,,,,,,,,,,,
Favaloro University,,,,,,,,,,,,,,,,,,,
Suan Dusit Rajabhat University,,,,,,,,,,,,,,,,,,,
Trento RISE,,,,,,,,,,,,,,,,,,,
Lincoln University,60+,,6+,,540+,5+,,,1150+,,,,,,,69+,,,
Jinan University,,,,,,,,,,,,,,,,,,,
Lutsk National Technical University,,,,,,,,,,,,,,,,,,,
National Taipei University of Education,,,,,,,,,,,,,,,,,,,
Ecole Centrale de Marseille,,,,,,,,,,,,,,,,,,,
"Fanhai International School of Finance, Fudan University",,,,,,,,,,,,,,,,,,,
Northeast Forestry University,,,,,,,,,,,,,,,,,,,
Illinois Wesleyan University,,,,,,,,,,,,,,,,,,,
University of Bradford,80+,,6+,,,2.5+,,,1100+,,,,,,,,,,
University of Glasgow Online,90+,3+,6+,,,,176+,,,,,,,60+,,,,,
University of Agronomic Sciences and Veterinary Medicine of Bucharest,,,,,,,,,,,,,,,,,,,
Nanjing Tech University,,,,,,,,,,,,,,,,,,,
University of Mazandaran,,,,,,,,,,,,,,,,,,,
London South Bank University,80+,,6+,,,2+,,,1150+,,,,,,,,,,
Trinity College of Music,,,,,,,,,,,,,,,,,,,
Indian Institute of Technology Bhubaneswar,,,,,,,,,,,,,,,,,,,
MGIMO University,95+,,6+,24+,500+,2+,180+,,,,,,,76+,,,,,
State Tourism and Hotel Management School (SSAT),,,,,,,,,,,,,,,,,,,
Instituto Nacional de Matemática Pura e Aplicada (IMPA),,,,,,,,,,,,,,,,,,,
Postgraduate Institute of Medical Education & Research Chandigarh,,,,,,,,,,,,,,,,,,,
Lahore School of Economics,,,,,,,,,,,,,,,,,,,
University of Miami Patti and Allan Herbert Business School (Miami Herbert),94+,,7+,,590+,3+,,296+,1320+,,,,,,,,,,
Université Paris Descartes,,,5.5+,,,,,,,,,,,,,,,,
"European Graduate School, Media & Communications",,,,,,,,,,,,,,,,,,,
The Herzen State Pedagogical University of Russia,,,,,,,,,,,,,,,,,,,
University of the Free State,,,,,,,,,,,,,,,,,,,
Deakin Business School,,,,,590+,4+,,301+,1050+,,,,,,,40+,,,
Université Kasdi Merbah – Ouargla,,,,,,,,,,,,,,,,,,,
"University of Puerto Rico, Río Piedras",,,,,,,,,,,,,,,,,,,
"École Nationale Supérieure des Industries Chimiques (ENSIC), Nancy",,,,,,,,,,,,,,,,,,,
Non-profit joint-stock company Shakarim University,,2+,,,,,,,,9+,,,,,,,,,
Universitat Rovira i Virgili,,,,,,,,,,,,,,,,,,,
Ataturk University,,,,,,,,,,,,,,,,,,,
Silesian University of Technology,,,,,,,,,,,,,,,,,,,
University of Engineering & Technology (UET) Lahore,,,,,,,,,,,,,,,,,,,
Kozminski University,,,,,,,,,,,,,,,,,,,
Feng Chia University,,,,,,,,,,,,,,,,,,,
Universidad de Colima,,,,,,,,,,,,,,,,,,,
Kochi University,,,,,,,,,,,,,,,,,,,
Universities Wales,,,,,,,,,,,,,,,,,,,
University of West London,,,,,,,,,,,,,,,,,,,
Universität Siegen,,,,,,,,,,,,,,,,,,,
Edith Cowan University ,70+,,6+,,,3+,,,1000+,,,,,,,58+,135+,,
Qingdao University,,,,,,,,,,,,,,,,,,,
Daegu Gyeongbuk Institute of Science and Technology (DGIST),,,,,,,,,,,,,,,,,,,
Azerbaijan University of Architecture and Construction (AzUAC),,,,,,,,,,,,,,,,,,,
SUNY Delhi,,,,,,,,,,,,,,,,,,,
Universiti Sains Malaysia (USM),,,,,,,,,,,,,,,,,,,
College for Creative Studies,,,,,,,,,,,,,,,,,,,
Botswana College of Agriculture,,,,,,,,,,,,,,,,,,,
Nizhny Novgorod State Linguistics University,,,,,,,,,,,,,,,,,,,
Volga state academy of water transport,,,,,,,,,,,,,,,,,,,
Lahore Garrison University,,,,,,,,,,,,,,,,,,,
Burapha University,,,,,,,,,,,,,,,,,,,
Synergy University,,,,,,,,,,,,,,,,,,,
Medical University of Warsaw,,,,,,,,,,,,,,,,,,,
Moscow Architectural Institute,,,,,,,,,,,,,,,,,,,
Woodbury University,,,,,,,,,,,,,,,,,,,
University College Plymouth St Mark & St John,,,,,,,,,,,,,,,,,,,
Universidad de Panamá - UP,,,,,,,,,,,71+,,,,,,,,
University of Tennessee - Knoxville,,,,,,,,,,,,,,,,,,,
Universidad para la Cooperacion Internacional (UCI),,,,,,,,,,,,,,,,,,,
National Kaohsiung University of Applied Sciences ,,,,,,,,,,,,,,,,,,,
AL-KITAB UNIVERSITY,,,,,,,,,,,,,,,,,,,
NJSC KIMEP University,,,,,,,,,,,,,,,,,,,
Assiut University ,,,,,,,,,,,,,,,,,,,
Oregon State University,80+,,6+,,500+,3+,,315+,1060+,,,,,,,,,,
Torrens University Australia,,,,,,2+,,,,,,,,,,,,,
St. Cloud State University,,,,,,,,,,,,,,,,,,,
Asahikawa Medical University,,,,,,,,,,,,,,,,,,,
Study in Holland - The Netherlands Institute in Athens,,,,,,,,,,,,,,,,,,,
United International University,,,,,,,,,,,,,,,,,,,
UNIVERSITI TEKNIKAL MALAYSIA MELAKA,,,,,,,,,,,,,,,,,,,
Changwon National University ,,,,,,,,,,,,,,,,,,,
Golpayegan University of Technology,,,,,,,,,,,,,,,,,,,
School of Inspired Leadership,,,,,,,,,,,,,,,,,,,
"University of Salford, Salford Business School",,,,,,,,,,,,,,,,,,,
INTERNATIONAL COLLEGE OF MUSIC,,,,,,,,,,,,,,,,,,,
"Sotheby's Institute of Art, London ",,,,,,,,,,,,,,,,,,,
Ecole Nationale Supérieure d'Architecture de Paris-La Villette,,,,,,,,,,,,,,,,,,,
Universidade Federal Rural do Rio de Janeiro ,,,,,,,,,,,,,,,,,,,
University of Klagenfurt,,,,,,,,,,,,,,,,,,,
Shoreline Community College,,,,,,,,,,,,,,,,,,,
London School of Jewish Studies,,,,,,,,,,,,,,,,,,,
Universal Arts School,,,,,,,,,,,,,,,,,,,
University of Memphis,,,,,,,,,,,,,,,,,,,
Hochschule Fresenius,,,,,,,,,,,,,,,,,,,
"Vietnam National University, Hanoi ",,,,,,,,,,,,,,,,,,,
University of Tromsø The Arctic University of Norway,,,,,,,,,,,,,,,,,,,
"Mohanlal Sukhadia University, Udaipur",,,,,,,,,,,,,,,,,,,
Universiti Malaysia Terengganu (UMT),,,,,,,,,,,,,,,,,,,
Korea Aerospace University ,,,,,,,,,,,,,,,,,,,
Robert Gordon University,80+,,6+,,,2+,,,1100+,,,,,,,,,,
Nanjing Agricultural University,,,,,,,,,,,,,,,,,,,
Syracuse University - School of Information Studies,80+,,6.5+,,,,176+,,,,,,,,,,,,
Universidad Técnica Particular de Loja,,,,,,,,,,,,,,,,,,,
MBA ESG,,,,,,,,,,,,,,,,,,,
University West,,,,,,,,,,,,,,,,,,,
Illinois State University,,,,,,,,,,,,,,,,,,,
Yale University,100+,,7+,,690+,3+,,317+,1450+,,,,,,,,,,
Universidad EIA,,,,,,,,,,,,,,,,,,,
TRACOR - The Communication Arts Institute,,,,,,,,,,,,,,,,,,,
Universidad de los Llanos,,,,,,,,,,,,,,,,,,,
Beder University,,,,,,,,,,,,,,,,,,,
Università Iuav di Venezia,,,,,,,,,,,,,,,,,,,
The Fuqua School of Business,,,,,650+,4+,,,1490+,,,,,,,,,,
School of Accounting and Finance,,,,,,,,,,,,,,,,,,,
HEC Montréal,,,,,,,,,,,,,,,,,,,
D Y Patil University,,,,,,,,,,,,,,,,,,,
Johnson & Wales University,,,,,,,,,,,,,,,,,,,
Universidad Estal de Milagro,,700+,,,,,,,,,700+,,,,,,,,
Arak University,,,,,,,,,,,,,,,,,,,
University of Rzeszów,,,,,,,,,,,,,,,,,,,
Gujarat University,,,,,,,,,,,,,,,,,,,
Helsinki Education and Research Area (HERA),,,,,,,,,,,,,,,,,,,
Tecnológico de Costa Rica -TEC,,,,,,,,,,,,,,,,,,,
Karabuk University,,,,,,,,,,,,,,,,,,,
State University of Medan,,,,,,,,,,,,,,,,,,,
Zagreb School of Economics and Management,,,,,,,,,,,,,,,,,,,
Chonnam National University,,,,,,,,,,,,,,,,,,,
Tufts University,100+,,7+,,640+,3+,,,1410+,,,,,,,,,,
Universidad de Medellín,,,,,,,,,,,,,,,,,,,
Northeast Normal University,,,,,,,,,,,,,,,,,,,
Concordia College at Moorhead,,,,,,,,,,,,,,,,,,,
Deakin Business School,,,,,590+,4+,,301+,1050+,,,,,,,40+,,,
Shaanxi Normal University,,,,,,,,,,,,,,,,,,,
"International Islamic University, Islamabad (IIU)",,2+,,,,,,,,,50+,,,,,,,,
Atria University,,,,,,,,,,,,,,,,,,,
Aleksandras Stulginskis University (Lithuanian University of Agriculture),,,,,,,,,,,,,,,,,,,
Technische Fachhochschule Berlin,,,,,,,,,,,,,,,,,,,
Universidad Ricardo Palma ,,,,,,,,,,,,,,,,,,,
Deen Dayal Upadhyay Gorakhpur University,,,,,,,,,,,,,,,,,,,
Maastricht University School of Business and Economics,,,,,,,,,,,,,,,,,,,
Russian Presidential Academy of National Economy and Public Administration,,,,,,,,,,,,,,,,,,,
Universidad del Norte ,,,,,,,,,,,,,,,,,,,
Barcelona Technology School,,,,,,,,,,,,,,,,,,,
University of Zululand,,,,,,,,,,,,,,,,,,,
Università Iuav di Venezia,,,,,,,,,,,,,,,,,,,
Universidad Católica de Temuco,,,,,,,,,,,,,,,,,,,
Universidad de Chile - DII,,,,,,,,,,,,,,,,,,,
Indian Institute of Technology Hyderabad (IITH),,,,,,,,,,,,,,,,,,,
Iniciativas Organizativas de Empresa,,,,,,,,,,,,,,,,,,,
University of 17 Agustus 1945,,,,,,,,,,,,,,,,,,,
Saudi Electronic University,,,,,,,,,,,,,,,,,,,
International College of Management Sydney,,,,,,,,,,,,,,,,,,,
Korea Nazarene University,,,,,,,,,,,,,,,,,,,
National Law School of India University,,,,,,,,,,,,,,,,,,,
Universidad de Guanajuato,,,,,,,,,,,,,,,,,,,
Jerusalem College of Technology ,,,,,,,,,,,,,,,,,,,
University of Mazandaran,,,,,,,,,,,,,,,,,,,
Zhejiang University School of Management,,,,,,,,,,,,,,,,,,,
Universidade Federal de Viçosa (UFV),,,,,,,,,,,,,,,,,,,
Universiti Brunei Darussalam (UBD),,,,,,,,,,,,,,,,,,,
KongJu National University,,,,,,,,,,,,,,,,,,,
Universidad Tecnológica de México (UNITEC),,,,,,,,,,,,,,,,,,,
Istanbul Ticaret Universitesi (Istanbul Commerce University),,,,,,,,,,,,,,,,,,,
University of Memphis,,,,,,,,,,,,,,,,,,,
Dicle Üniversitesi,,,,,,,,,,,,,,,,,,,
Ross School of Business,,,,,,,,,,,,,,,,,,,
Galatasaray University,,,,,,,,,,,,,,,,,,,
Hangzhou Normal University,,,,,,,,,,,,,,,,,,,
University of Leoben ,,,,,,,,,,,,,,,,,,,
Berner Fachhochschule,,,,,,,,,,,,,,,,,,,
Alfaisal University,,,,,,,,,,,,,,,,,,,
University of Hartford,,,,,,,,,,,,,,,,,,,
Universidad Anà¡huac Mayab,,,,,,,,,,,,,,,,,,,
The College of Wooster,,,,,,,,,,,,,,,,,,,
